Categoria;Utiles
;1
Abdominales;0
Abonos y Fertilizantes;0
Abrigos Cortos;0
Abrigos de Plumas;0
Abrigos Parkas;0
Accesorios Automóvil;0
Accesorios Camaras;1
Accesorios de Muñecos Bebé;0
Accesorios de Peluquería;0
Accesorios de Ventiladores;0
Accesorios Discos Duros;1
Accesorios Drones;1
Accesorios Gaming;1
Accesorios GoPro;1
Accesorios iPhone;1
Accesorios Libros Electrónicos;1
Accesorios Nintendo DS/3DS;1
Accesorios Nintendo Switch;1
Accesorios Nintendo Wii;1
Accesorios Ocultación y Cercados;0
Accesorios para Bicicletas;0
Accesorios para Herramientas;0
Accesorios para Interior de Muebles;0
Accesorios para Motos;0
Accesorios para Patinetes;0
Accesorios Patinetes;0
Accesorios Portatiles;1
Accesorios PS3;1
Accesorios PS4;1
Accesorios PS5;1
Accesorios Smartphone;1
Accesorios Smartwatch;1
Accesorios Suelos Exterior;0
Accesorios Torres;1
Accesorios Xbox One;1
Accesorios Xbox Series X/S;1
Accesorios y Otros Juguetes Sexuales;0
Aceites esenciales;0
Aceites, Grasas y Lubricantes;0
Aceleradores y Autobronceadores;0
Acondicionadores;0
Adaptadores Gamepads / Joysticks;1
Adaptadores USB Red;1
Adaptadores Video;1
Adelgazantes;0
Adhesivos y Colas;0
Afeitado y Depilación;0
Afeitadoras;0
Aftersun;0
Agua Micelar;0
Ahorro energético;0
Air Hockey;0
Aire Acondicionado;0
Aireadores;0
Alarmas;0
Albornoces;0
Alfombras;0
Alfombras Baño;0
Alfombras Cocina;0
Alfombras y Puzzles de Suelo;0
Alfombrillas;0
Alicates y Tenazas;0
Almohadas;0
Alpargatas;0
Alpargatas hombre;0
Alpargatas Mujer;0
Altavoces;1
Altavoces TV/Barras Sonido;1
Amasadoras;0
Americanas;0
Amoladoras;0
Android/Smart TV;1
Anillas;0
Anillos;0
Anillos y Estimuladores;0
Antenas;0
Anticelulíticos;0
Antiestrías;0
Antiojeras;0
Antipájaros;0
Antirojeces;
Antorchas Jardín;0
Aparadores;0
Aparadores y Alacenas Cocina;0
Aparatos Musculación;0
Apliques Pared;0
Arcones Jardín;0
Arduino Componentes;1
Armario Rack;1
Armarios;0
Armarios Altos;0
Armarios de Baño;0
Armarios de Llaves;0
Armarios Dormitorio;0
Armarios Infantiles;0
Armarios Jardín;0
Armarios Rack;1
Aros Pilates;0
Artículos de Limpieza;0
Aseos Camping;0
Asientos y Accesorios Embarcaciones;0
Aspersores y Difusores de Riego;0
Aspiradoras;0
Astilladoras;0
Audio Pro;1
Auriculares;1
Azadas, Palas y Picos;0
Bailarinas;0
Balancines y Sillas Colgantes;0
Baldas y Estantes;0
Baldosas Exterior;0
Balizas y Sobremuros;0
Balones Baloncesto;0
Balones Balonmano;0
Balones Fútbol;0
Balones Medicinales;0
Bálsamos y Cuidados para Labios;0
Bañadores;0
Bañadores Deportivos;0
Bañadores Hombre;0
Bañadores Mujer;0
Bancos;0
Bancos de Trabajo;0
Bancos y Baúles Dormitorio;0
Bancos y Sofás Jardín;0
Bancos y Taburetes;0
Bandas Elásticas;0
Bandolera;0
Bandoleras Hombre;0
Bañeras;0
Barebones;0
Barras de labios;0
Barras Dominadas;0
Barras y Cierres;0
Barras y Rieles;0
Barreras de Seguridad Infantiles;0
Básculas;0
Básculas de Cocina;0
Bases de Maquillaje;0
Batas;0
Baterías de Cocina;0
Bates Béisbol;0
Batidoras;0
BB y CC Cream;0
Bermudas;0
Bicicletas Eléctricas;0
Bicicletas Elípticas;0
Bicicletas Estáticas;0
Bicicletas Infantiles;0
Bicicletas Plegables;0
Bicicletas y Accesorios;0
Bikinis Conjuntos;0
Bikinis Parte de Abajo;0
Bikinis Parte de Arriba;0
Billares;0
Biochimeneas;0
Biombos;0
Biotrituradoras y Compostadores;0
Biotrituradores;0
Bloques Yoga;0
Blusas;0
Blusas y Camisas Mujer;0
Bobinas de Filamento;0
Bodies Deportivos;0
Bodies y Corpiños;0
Bodies y Corpiños Mujer;0
Bolas Chinas;0
Bolsas para Bicicletas;0
Bolso de Viaje;0
Bolsos Isotérmicos;0
Bolsos para llevar al Hombro;0
Bolsos Pequeños y Carteras de Mano;0
Bolsos Shopping;0
Bolsos y Mochilas Mujer;0
Bombonas y Cartuchos de Gas;0
Botas de Agua;0
Botas Fútbol;0
Botas Infantil;0
Botas Militar;0
Botas Mujer;0
Botas Trekking;0
Botas Urbanas;0
Botellas;0
Botines;0
Botiquín;0
Bragas;0
Bragas de Cuello;0
Bragas de Cuello Hombre;0
Bragas Moldeadoras;0
Bragas Mujer;0
Braseros;0
Brillos de labios;0
Brochas y Accesorios;0
Bronceadores;0
Bufandas;0
Buzones;0
Cabeceros;0
Cable WiFi Coaxial;1
Cables ATA;1
Cables Audio/Vídeo;1
Cables de Alimentación;1
Cables de Fibra Óptica;1
Cables de red;1
Cables DisplayPort;1
Cables Duplicadores VGA/DVI/HDMI;1
Cables DVI;1
Cables HDMI;1
Cables Internos de PC;1
Cables Serial ATA;1
Cables Serie/Paralelo;1
Cables USB;1
Cables VGA;1
Cadenas y Cuerdas;0
Cafeteras;0
Cajas de Cartón y Paquetería;0
Cajas de Caudales y Cofres;0
Cajas de Herramientas;0
Cajas Fuertes y Accesorios;0
Cajas/Carcasas Externas;0
Cajon Pliométrico;0
Cajoneras;0
Calcetines;0
Calcetines Deportivos;0
Calcetines Hombre;0
Calefactores;0
Calentadores y Termos;0
Calleras;0
Calzado Montaña;0
Calzado Running;0
Calzado Trabajo y Seguridad;0
Calzoncillos Boxer;0
Calzoncillos Deportivos;0
Calzoncillos Hombre;0
Calzoncillos Slip;0
Cámaras Digitales;1
Cámaras IP;1
Camas Elásticas;0
Camas Infantiles;0
Camisas;0
Camisas Deportivas;0
Camisas Hombre;0
Camisetas;0
Camisetas Deportivas;0
Camisetas interiores;0
Camisetas Interiores Hombre;0
Camisetas Térmicas;0
Camisetas y Tops Mujer;0
Campanas Extractoras;0
Canapés;0
Canastas Infantiles;0
Canastas y Tableros Baloncesto;0
Candados Bicicletas;0
Cápsulas Para Cafeteras;0
Capturadoras;1
Car Audio;1
Carbones y Leñas;0
Cárdigans y Jerséis;0
Cargadores Apple;1
Cargadores para Tablets;1
Carpas y Paravientos Camping;0
Carretillas;0
Carritos de Muñecas;0
Carros Cocina;0
Carros de Herramientas;0
Carteras;0
Carteras Hombre;0
Casas de Muñecas;0
Casas para Perros;0
Cascos Ciclismo;0
Cascos Movilidad Urbana;0
Casetas Jardín;0
Casitas Infantiles;0
Castillos y Estructuras Hinchables;0
Catres Camping;0
CC Cream;0
CD/DVD;1
Centros de Planchado y Planchas;0
Cepilladoras;0
Cepillos de dientes manuales;0
Cepillos eléctricos;0
Césped Artificial;0
Cestas y Cajas;0
Cestos Ropa;0
Chaise Longues;0
Chalecos de Abrigo;0
Chalecos Deportivos;0
Chalecos Salvavidas;0
Champús y Suavizantes;0
Chanclas;0
Chanclas Deportivas;0
Chándals;0
Chaquetas;0
Chaquetas Deportivas;0
Chaquetas y Abrigos Infantil;0
Chimeneas;0
Cinceles y Cortafríos;0
Cintas Americanas y Cintas Doble Cara;0
Cintas de Correr;0
Cinturones de Vestir;0
Cinturones Halterofilia;0
Cisternas;0
Climatización;0
Cloro y Mantenimiento del Agua;0
Coches y Vehículos de Juguete;0
Cocinas;0
Cocinas completas;0
Cocinas Portátiles;0
Cojines Decorativos;0
Cojines para Suelo y Palet;0
Cojines y Textiles Exterior;0
Colchas y Cubrecamas;0
Colchones;0
Colchones Camping;0
Colchones Infantiles;0
Colchonetas Y Esterillas Camping;0
Collares;0
Coloretes;0
Columpios;0
Colutorios bucal;0
Combas Fitness;0
Cómodas Dormitorio;0
Cómodas y Cajoneras Infantiles;0
Complementos Alimenticios;0
Componentes TPV;1
Compresores de Aire;0
Conectividad;1
Congeladores;0
Conjunto Muebles Cocina;0
Conjunto Muebles Salón;0
Conjuntos Deportivos;0
Conjuntos Jardín;0
Conservación de Alimentos;0
Consolas Retro;1
Consumibles Impresoras 3D;1
Consumibles TPV;1
Contorno de Ojos;0
Corbatas;0
Correctores;0
Cortabordes Eléctricos;0
Cortacésped;0
Cortacésped y Accesorios;0
Cortadores Manuales;0
Cortafiambres;0
Cortapelos;0
Cortasetos;0
Cortasetos y Accesorios;0
Cortinas y Visillos;0
Cosmética Marroquí;0
Cuadros y Lienzos;0
Cubertería;0
Cubiertas Piscina;0
Cubos Basura y Reciclaje;0
Cubos Limpieza y Colada;0
Cubos y Capazos;0
Cuchillos y Tablas de Cortar;0
Cuencos y Tazas;0
Cuerdas Battle Rope;0
Cuidado de Pies;0
Cuidado Facial y Corporal;0
Cuidados del cabello;0
Culottes Ciclismo;0
Culottes y Shorts;0
Cunas;0
Cursos y Masters;0
Cursos y Masters en Análisis de Datos y Data Science;0
Cursos y Masters en Ciberseguridad, redes y sistemas;0
Cursos y Masters en Inteligencia Artificial;0
Dardos y Dianas;0
Decoración Cocina;0
Decoración de Navidad;0
Decoración Infantil;0
Dentífricos Bucal;0
Depiladoras;0
Deportivas Niños;0
Depuradoras y Bombas;0
Desbrozadoras;0
Desmaquillantes;0
Desodorantes;0
Destacados Outdoor;0
Destornilladores;0
Destornilladores Eléctricos;0
Destructoras Papel;0
Diademas y Cintas Deportivas;0
Discos Duros;1
Discos duros/Carcasas de Red/NAS;1
Discos Fitness;0
Dispensadores de Agua;0
Dispensadores Jabón;0
Disqueteras;0
DNVB Black Limba;0
DNVB Brava Fabrics;0
DNVB Gioseppo;0
DNVB NWHR;0
DNVB Singularu;0
DNVB XTI;0
Domótica;1
Drones RC;1
Edredones;0
Edredones Infantiles;0
Encendedores y Cerillas;0
Enchufes Inteligentes;1
Encimeras;0
Entrenamiento en suspensión;0
Envasado de Alimentos;0
Equipación Oficial Baloncesto;0
Equipación Oficial Fútbol;0
Equipación Portero;0
Equipamiento acampada;0
Escaleras y Andamios;0
Escaleras y Toboganes;0
Escaners;1
Escarificadores;0
Escobas y Recogedores;0
Escritorios;0
Escurreplatos;0
Esmeriladoras;0
Espátulas y Rascadores;0
Espátulas, Cucharones y Pinzas;0
Espejos;0
Espejos Baño;0
Espinilleras Fútbol;0
Espumadores de Leche;0
Estaciones Climatológicas;0
Estaciones Meteorológicas;0
Estanques y Fuentes;0
Estantería Herramientas;0
Estanterías Infantiles;0
Estanterías y Baldas Cocina;0
Esterillas Fitness;0
Esterillas Yoga y Pilates;0
Estores;0
Estuches y Cofres Cosmética;0
Estuches y Cofres de perfumes;0
Estufas;0
Estufas Exterior;0
Exfoliantes;0
Exprimidores;0
Eyeliners y Lápices de Ojos;0
Fajas;0
Faldas;0
Faldas y Vestidos Deportivos;0
Farolas y Faroles;0
Felpudos;0
Fiambreras;0
Figuras de Animales;0
Figuras Decorativas Jardín;0
Fijadores de Maquillaje;0
Flexos;0
Flotadores e Hinchables;0
Forros Polares;0
Fragancias;0
Fregaderos;0
Fregonas y Mopas;0
Freidoras;0
Fresadoras;0
Frigoríficos;0
Fuentes Alimentación;1
Fuentes y Ensaladeras;0
Fun Cooking;0
Fundas Almohada;0
Fundas Cojín;0
Fundas Colchón;0
Fundas Nórdicas;0
Fundas para Auriculares;1
Fundas para Tablets;1
Fundas Sillón;0
Fundas Sofá;0
Fundas y Carcasas para Móviles/Smartphones;1
Fundas y Protección Barbacoa;0
Fundas y Protección Muebles;0
Funko;0
Futbolines;0
Gadgets;1
Gafas;0
Gafas de Sol;0
Gafas Deportivas;0
Gafas Natación;0
Gafas Realidad Virtual;1
Gafas y Monturas;0
Gamepads;1
Garajes y Cocheras;0
Gavetas Almacenaje;0
Gel Antiséptico;0
Geles y Jabones;0
Gemelos para Puño de Camisa;0
Gorras Deportivas;0
Gorras y Boinas;0
Gorros;0
Gorros Deportivos;0
GPS;1
GPS Automoción;1
Grabadoras de Voz;0
Grabadoras DVD/Blu Ray;1
Grapadoras;0
Grapadoras Industriales;0
Grapas Industriales;0
Gravas y Piedras Decorativas;0
Grifos;0
Grifos de Bañera;0
Grifos de Bidé;0
Grifos de Ducha;0
Grifos de Lavabo;0
Guantes;0
Guantes Boxeo;0
Guantes Ciclismo;0
Guantes Montaña;0
Guantes Portero;0
Guantes Seguridad;0
Guantes y Protecciones Movilidad Urbana;0
Gubias, Formones y Cepillos para Madera;0
Guirnaldas Decorativas;0
Hachas;0
Hamacas Camping;0
Hamacas y Tumbonas;0
Herramienta de Mano;0
Herramientas y útiles de montaje;0
Hervidoras;0
Hidratación de Manos y Pies;0
Hidrolimpiadoras;0
Hidrolimpiadoras y Accesorios;0
Higiene Íntima;0
Higiene Oidos;0
Higiene y Productos Sanitarios;0
Hinchables y Juegos de Playa y Piscina;0
Home Cinema;0
Hornillos Camping;0
Hornos;0
Hornos Exteriores de Leña, Gas y Carbón;0
Hornos y Microondas;0
Hoverboard;0
Hoverboards;0
HP Compatible;1
HP Original;1
Hubs/Switchs;1
Huertos Urbanos y Mesas Cultivo;0
Hules y Manteles Impermeables;0
Iluminación de Navidad;0
Iluminación Hogar;0
Iluminadores;0
Impresoras;1
Impresoras 3D;1
Infladores y Bombas;0
Ingletadoras;0
Inodoros;0
Insecticidas y Repelentes;0
Invernaderos;0
Jaboneras y Portacepillos;0
Jarras y Teteras;0
Jarrones;0
Joysticks;1
Juegos Acuáticos;0
Juegos de Construcción;0
Juegos de Llaves;0
Juegos de Toallas;0
Juegos Nintendo 3DS;1
Juegos Nintendo Switch;1
Juegos Nintendo Wii;1
Juegos Para PC;1
Juegos PS3;1
Juegos PS4;1
Juegos PS5;1
Juegos Xbox One;1
Juegos Xbox Series X/S;1
Juguetes;0
Juguetes de Imitación;0
Juguetes de Madera para Bebés;0
Juguetes Educativos;0
Juguetes Educativos y Desarrollo Sentidos;0
Juguetes Electrónicos para Bebés;0
Juguetes para la Bañera;0
Kayaks;0
Kettlebells;0
KVM Switchs y cables;1
Labiales Líquidos;0
Lacas y Fijadores;0
Lactancia y cuidado del bebé;0
Lámparas;0
Lámparas Camping;0
Lavabos;0
Lavadoras;0
Lavasecadoras;0
Lavavajillas;0
Leggings;0
Leñeros;0
Librerías y Estanterías;0
Libros Electrónicos E-Books;1
Licuadoras;0
Lijadoras y Pulidoras;0
Limas y Escofinas;0
Limpiadoras a Vapor;0
Limpiadoras de Vapor;0
Limpiadoras Faciales y Corporales;0
Limpiafondos;0
Limpieza y Accesorios de Cafetera;0
Llanas y Paletas de Albañil;0
Lociones Antimosquitos y Otros Repelentes;0
Lociones y Aceites Corporales;0
Lubricantes y Aceites;0
Macetas y Jardineras;0
Maceteros;0
Maillots Ciclismo;0
Mallas Deportivas;0
Mamparas;0
Mancuernas;0
Mandos a Distancia;0
Mandos Nintendo Switch;1
Mandos PS3;1
Mandos PS4;1
Mandos PS5;1
Mandos Xbox One;1
Mangueras Neumáticas;0
Mangueras y Accesorios;0
Manicura y Pedicura;0
Manoletinas;0
Mantas Eléctricas;0
Mantas y Plaids;0
Manteles de Mesa;0
Manteles Individuales;0
Maquillaje Bronceador;0
Maquinaria Agrícola;0
Máquinas de Coser;0
Máquinas de Remo;0
Máquinas Fitness;0
Marcos y Portafotos;0
Marquesinas;0
Martillos;0
Martillos y Mazas;0
Más Deportes;0
Máscaras de Pestañas;0
Máscaras de Soldadura;0
Mascarillas de Protección Respiratoria;0
Mascarillas Faciales;0
Mascarillas para el pelo;0
Mascarillas y Respiradores;0
Mata Insectos;0
Material de Oficina;0
Material Musculación;0
Mecedoras;0
Medias;0
Medias Mujer;0
Medición;0
Memorias Compact Flash;1
Memorias DDR;1
Memorias DDR2 1000;1
Memorias DDR3;1
Memorias MicroSD/MicroSDHC;1
Memorias RAM;1
Memorias SD/SDHC;1
Memorias So-Dimm;1
Memorias USB Pendrive;1
Menaje Camping;0
Menaje y Decoración Fiesta;0
Mesas Altas;0
Mesas Auxiliares;0
Mesas Cocina;0
Mesas Comedor;0
Mesas de Centro;0
Mesas de Corte;0
Mesas de Escritorio;0
Mesas Gaming;0
Mesas Jardín;0
Mesas Ping-pong;0
Mesas y Escritorios Infantiles;0
Mesas y Sillas Camping;0
Mesitas de Noche;0
Mezcladoras;0
Micro Cadenas/Hi-Fi;1
Micrófonos;1
Microondas;0
Mini PCs;1
Mocasines;0
Mochilas Urbanas;0
Mochilas Y Bolsas de Deporte;0
Mochilas y Carteras Escolares;0
Modding;1
Molinillo Cafe;0
Monederos;0
Monitores;0
Monos y Petos;0
Mosquiteras;0
Motoazadas;0
Motos Eléctricas;0
Motosierras;0
Móviles Básicos;0
Mueble Consola;0
Muebles Auxiliares;0
Muebles de Lavabo;0
Muebles Mini;0
Muebles TV;0
Multiestaciones musculación;0
Multifunciones;0
Multiherramientas;0
Multilectores;0
Mundo Cine;1
Mundo DJ;1
Mundo Series;1
Mundo Videojuegos;1
Muñecas;0
Muñecos Bebé;0
Muñecos y Figuras de Ciencia Ficción;0
Náuticos;0
Neceseres;0
Niveles láser;0
Nutricosmética;0
Objetivos para Cámaras;0
Objetos Decorativos;0
Ollas Eléctricas;0
Ollas y Cacerolas;0
Ordenadores Todo en uno;0
Organizadores y Cestos;0
Ortopedia;0
Otras Luces Decorativas;0
Otras Prendas Reductoras y Moldeadoras;0
Otros;0
Otros Accesorios Acuáticos;0
Otros Accesorios Béisbol;0
Otros Accesorios Boxeo;0
Otros Accesorios Camping;0
Otros Accesorios Pádel;0
Otros Accesorios para Tablets;0
Otros Accesorios Ping-pong;0
Otros Accesorios Piscinas;0
Otros Accesorios Yoga y Pilates;0
Otros Electrodomesticos;0
Otros Juegos de Jardín;0
Otros Productos de Higiene Bucal;0
Otros Utensilios de Cocina;0
Packs de Descanso;0
Paelleros y Paelleras;0
Palas Pádel;0
Palas Ping-pong;0
Paleteros Pádel;0
Palos Hockey;0
Palos y Mangos de Limpieza;0
Paneles de Parcheo;0
Paneles LED;0
Paneras y Fruteros;0
Panificadoras;0
Paños de Cocina;0
Pantallas de Lámpara;0
Pantallas de Proyección;0
Pantalones Cargo;0
Pantalones Chinos;0
Pantalones de Pana;0
Pantalones Deportivos;0
Pantalones Hombre;0
Pantuflas;0
Pañuelos;0
Papel para impresora;0
Papel Pintado;0
Papeles y Celulosa del Hogar;0
Paragüeros;0
Parrillas y Planchas Barbacoa;0
Pasta térmica;0
Patas para Mesas y Muebles;0
Patines;0
Patinetes;0
Patinetes Clásicos;0
Patinetes Eléctricos;0
Pedalinas y Steppers;0
Peinado;0
Peinadoras;0
Pelotas Béisbol;0
Pelotas Pádel;0
Pelotas Pilates;0
Pen Stylus;0
Pendientes;0
Perchas Ropa;0
Percheros y Colgadores;0
Percheros y Galanes;0
Perfiladores de labios;0
Pérgolas, Carpas y Cenadores;0
Pesos Lastrados;0
Pestañas Postizas;0
Picadoras;0
Pijamas y Camisones;0
Pilas y Baterías;0
Piscinas Desmontables;0
Piscinas Hinchables;0
Piscinas Infantiles;0
Pistolas de Masaje;0
Pistolas de Pintura;0
Pistolas de Silicona;0
Pizarras Digitales;0
Placas Base;1
Placas Solares;1
Placas y Vitrocerámicas;0
Placas, Focos y Proyectores LED;1
Plafones;0
Planchado;0
Planchas de Pelo;0
Planchas Eléctricas;0
Planchas y barbacoas;0
Planchas, barbacoas y grills;0
Plantas Artificiales;0
Plataformas Vibratorias;0
Platos de Ducha;0
Podadoras;0
Polipastos y Elevadores;0
Polos;0
Polos Deportivos;0
Polvos de Maquillaje;0
Ponchos;0
Portabicicletas;0
Portamascarillas y cordones para mascarillas;0
Portarollos y Escobillas;0
Portátiles;1
Portátiles SSD;1
Porterias y Redes Fútbol;0
Posavasos;0
Postes y Fijación;0
Prebases de Maquillaje;0
Presentadores Multimedia;0
Prismáticos;0
Procesadores;1
Productos Antiarrugas y Antiedad;0
Productos Antimanchas;0
Productos Cosmética Cuello y Escote;0
Productos de Masaje;0
Productos de Peinado;0
Productos Hidratantes para Piernas y Glúteos;0
Productos Hidratantes y Nutritivos;0
Productos para Cejas;0
Productos Reafirmantes;0
Productos Sostenibles;0
Promociones y otros servicios;0
Protección Auditiva y de Cabeza;0
Protección Contra Incendios;0
Protección Solar Corporal;0
Protección Solar Específica para Niños;0
Protección Solar Facial;0
Protectores de Pantalla;0
Proyectores;1
Puff;0
Puffs;0
Pulseras;0
Pulseras de Actividad;0
Puntos de Acceso;0
Purificación de Agua;0
Puzzles y Rompecabezas;0
Quitapelusas;0
Racks y Jaulas de entrenamiento;0
Radiadores Aceite;0
Radiadores Eléctricos;0
Radiadores Toallero;0
RadioControl;0
Radios;0
Ralladores y Peladores;0
Raquetas Tenis;0
Ratones;1
Receptores TV;1
Recipientes y Tarros;0
Redes Home Plug;1
Reductores;0
Refrigeración Líquida;1
Regaderas;0
Regalos de promociones;0
Regletas;1
Relleno Cojín;0
Rellenos Nórdicos;0
Reloj SmartWatch;1
Relojes;0
Remos;0
Reproductores Blu-Ray;1
Reproductores DVD/DivX;1
Reproductores MP3/MP4;1
Reproductores Multimedia;1
Repuestos Portátiles;1
Repuestos Smartphones;1
Revisteros;0
Riñoneras;0
Rizadores y Moldeadores;0
Robot Aspirador;0
Robot Aspiradoras;0
Robótica;1
Robótica Educativa;1
Robots de cocina;0
Rodillos de Entrenamiento;1
Rodillos Masaje;0
Ropa de Baño;0
Ropa de Baño Infantil;0
Ropa de Cama Infantil;0
Ropa de running;0
Ropa deportiva Running;0
Ropa Running;0
Ropa Técnica y de Trabajo;0
Ropa y calzado deportivo;0
Ropa y Equipamiento Baloncesto;0
Ropa y Equipamiento Montaña;0
Routers;1
Rozadoras;0
Sábanas Ajustables;0
Sábanas Encimeras;0
Sacacorchos;0
Sacos Boxeo;0
Sacos Bulgaros;0
Sacos De Dormir;0
Sais;1
Saleros, Azucareros, Aceiteras;0
Salud Sexual;0
Salud y bienestar;0
Sandalias con Hebilla;0
Sandalias de Cuña;0
Sandalias de Dedo;0
Sandalias de Vestir;0
Sandalias Menorquinas;0
Sandalias Mujer;0
Sandalias Trekking;0
Sandwicheras;0
Secadoras;0
Secadores de pelo;0
Seguridad y Vigilancia;0
Semillas y Semilleros;0
Señales Seguridad;0
Sensores y Detectores de Movimiento;0
Servicios;0
Servidores;1
Servidores Impresión;1
Setos Artificiales y Cañizos;0
Sets de Sábanas;0
Shorts;0
Sierras Eléctricas;0
Sierras y Serruchos Manuales;0
Sillas;0
Sillas Comedor;0
Sillas Escritorio;0
Sillas Infantiles;0
Sillas Plegables;0
Sillas y Sillones Jardín;0
Sillones;0
Sistemas de Cultivo Inteligentes;1
Sistemas de Videoconferencia;1
Sistemas Operativos;1
Smart Lighting;1
Smartphone/Móviles;1
Sneakers Hombre;0
Sneakers Infantil;0
Sneakers Mujer;0
Sobremesa;1
Sofás Modulares;0
Sofás Multiplaza;0
Software Aplicaciones;1
Soldadores;0
Sombras, Prebases y Pigmentos;0
Sombrillas;0
Somieres y Bases de Cama;0
Sopladores y Aspiradores;0
Soportes;0
Soportes para Tablets;0
Soportes y Platos para Macetas;0
Spas Hinchables;0
Steps;0
Sudaderas Deportivas;0
Sudaderas Hombre;0
Sudaderas y Camisetas Sostenibles;0
Sudaderas y Forros;0
Suelos Gym;0
Sujetadores;0
Surf Skate;0
Tabla Snowboard;0
Tablas Bodyboard;0
Tablas de skate;0
Tablas Paddlesurf;0
Tablas Planchar y Accesorios;0
Tabletas Digitales;0
Tablets;1
Taburetes;0
Taburetes Cocina;0
Taburetes y Sillas Altas;0
Tacones;0
Taladros;0
Tangas y Strings;0
Tapas de WC y Bidet;0
Tarjetas de Red;0
Tarjetas Gráficas;0
Tarjetas Sonido;0
TDT;1
Teclados;1
Telefonillos y Porteros;0
Teléfonos inalámbricos;0
Telescopios;0
Televisores;1
Tenazas, Espátulas y Otros Utensilios;0
Tendederos y Accesorios para Tender;0
Tensiómetros;0
Termómetros;0
Termos;0
Termostatos Inteligentes;1
Test y Análisis de Salud;0
Tiendas De Campaña;0
Tijeras de Poda;0
Tintas;0
Tintes y Coloración del Cabello;0
Tipis infantiles;0
Tiras LED;1
Toallas Baño;0
Toallas de Playa;0
Toallas Deportivas;0
Toallas Ducha;0
Toallas Lavabo;0
Toallas Tocador;0
Toalleros;0
Toboganes;0
Tocadores;0
Todas Herramientas Eléctricas;0
Toldos y Velas;0
Toner Compatible;0
Tónicos Cosmética;0
Top Converse;0
Top Deportivo;0
Top Geox;0
Top New Balance;0
Top Skechers;0
Top Vans;0
Toppers;0
Tops;0
Tornillería y Anclajes;0
Torres ATX;1
Tostadoras;0
Trampas Ratas y Ratones;0
Trampolines Fitness;0
Tratamiento del aire;0
Tratamiento del cabello;0
Tratamientos Específicos Cosmética;0
Tratamientos y Limpieza;0
Traviesas y Borduras;0
Triciclos y Correpasillos;0
Trituradores y WC químicos;0
Tronzadoras;0
TV Satélite;1
Uñas;0
Urinarios;0
Vajilla Infantil;0
Vajillas Completas;0
Vallas y Puertas de Jardín;0
Vaporetas y Limpieza a Vapor;0
Vaqueros Slim;0
Varios;0
Varios Electro-Hogar;0
Vehículos eléctricos;0
Vehículos Teledirigidos;0
Velas LED;0
Velas y Fragancias;0
Ventilación y Clima;0
Ventiladores CPU;1
Ventiladores Hogar;0
Ventiladores Suplementarios;0
Vestidos;0
Vibradores;0
Videocamaras;1
Videoconsolas Nintendo DS/3DS;1
Videoconsolas Nintendo Switch;1
Videoconsolas PS4;1
Videoconsolas PS5;1
Videoconsolas Xbox One;1
Videoconsolas Xbox Series X/S;1
Vinotecas;0
Vitrinas;0
VoIP;1
Volantes;1
Volantes PS4;1
Walkie Talkie;0
WC infantil;0
Webcam;1
Wifi Mesh;1
Xbox 360 Accesorios;1
Zafus Y Cojines;0
Zapateros;0
Zapatillas Balonmano;0
Zapatillas Casual y Sneakers;0
Zapatillas Ciclismo;0
Zapatillas de Casa;0
Zapatillas Fitness;0
Zapatillas Padel y Tenis;0
Zapatillas Running;0
Zapatillas Running Infantil;0
Zapatillas Trail Running;0
Zapatillas Trekking;0
Zapatos Colegial;0
Zapatos con Alzas;0
Zapatos de Vestir;0
Zapatos de Vestir Hombre;0
Zapatos Derbie y Richelieu;0
Zuecos;0
